<?xml version="1.0" encoding="UTF-8"?>

<Information>

<!-- Eingabe vom Händler -->
    
        <Suchwort>Harry Potter</Suchwort>
        <Kategorie>Fantasy</Kategorie>



<!-- Informationen zum Server  -->

    <Hinweise>

        <Hinweis>
            <Antwort-Zeit Einheit="ms">200</Antwort-Zeit>
            <Server-Antwort>false</Server-Antwort>
        </Hinweis>

        <Hinweis>
            <Antwort-Zeit Einheit="ms">200</Antwort-Zeit>
            <Server-Antwort>true</Server-Antwort>
            <Anzahl-Treffer Einheit="Artikel">2</Anzahl-Treffer>
        </Hinweis>

    </Hinweise>
    

<!-- Informationen zum Errgebniss / Server-Antwort -->
<!-- Artikel Variante 1 -->

    <Artikel>
        <Artikelnummer>1</Artikelnummer>
        <Artikelbilder>
            <Bild>
                <Pfad>harry_potter_klein.jpg</Pfad>
                <Groesse>klein</Groesse>
            </Bild>
            <Bild>
                <Pfad>harry_potter_mittelgroß.jpg</Pfad>
                <Groesse>mittelgroß</Groesse>
            </Bild>
            <Bild>
                <Pfad>harry_potter_groß.jpg</Pfad>
                <Groesse>groß</Groesse>
            </Bild>
        </Artikelbilder>
        <Autoren>J.K. Rowling</Autoren>
        <Verlag>Bloomsbury</Verlag>
        <Ausgabe>Taschenbuch</Ausgabe>
        <Erscheinungsjahr>1997</Erscheinungsjahr>
        <Gewicht>250</Gewicht>
        <Verpackungsmaße>
            <Breite>15</Breite>
            <Höhe>20</Höhe>
            <Tiefe>3</Tiefe>
        </Verpackungsmaße>
        <Preis>10.99</Preis>
        <Lagerbestand>100</Lagerbestand>
    </Artikel>



<!-- Artikel Variante 2 -->
    <Artikel>
        <Artikelnummer>2</Artikelnummer>
        <Artikelbilder>
            <Bild>
                <Pfad>harry_potter_2_klein.jpg</Pfad>
                <Groesse>klein</Groesse>
            </Bild>
            <Bild>
                <Pfad>harry_potter_2_mittelgroß.jpg</Pfad>
                <Groesse>mittelgroß</Groesse>
            </Bild>
            <Bild>
                <Pfad>harry_potter_2_groß.jpg</Pfad>
                <Groesse>groß</Groesse>
            </Bild>
        </Artikelbilder>
        <Autoren>J.K. Rowling</Autoren>
        <Verlag>Bloomsbury</Verlag>
        <Ausgabe>Taschenbuch</Ausgabe>
        <Erscheinungsjahr>2005</Erscheinungsjahr>
        <Gewicht>300</Gewicht>
        <Verpackungsmaße>
            <Breite>18</Breite>
            <Höhe>25</Höhe>
            <Tiefe>3</Tiefe>
        </Verpackungsmaße>
        <Preis>14.99</Preis>
        <Lagerbestand>50</Lagerbestand>
    </Artikel>



    <!-- Artikel Variante eBook -->
    <Artikel>
        <Artikelnummer>e3</Artikelnummer>
        <Artikelbilder>
            <Bild>
                <Pfad>harry_potter_2_klein.jpg</Pfad>
                <Groesse>klein</Groesse>
            </Bild>
            <Bild>
                <Pfad>harry_potter_2_mittelgroß.jpg</Pfad>
                <Groesse>mittelgroß</Groesse>
            </Bild>
            <Bild>
                <Pfad>harry_potter_2_groß.jpg</Pfad>
                <Groesse>groß</Groesse>
            </Bild>
        </Artikelbilder>
        <Autoren>J.K. Rowling</Autoren>
        <Verlag>Bloomsbury</Verlag>
        <Ausgabe>eBook</Ausgabe>
        <Erscheinungsjahr>2025</Erscheinungsjahr>
        <Gewicht>0</Gewicht>
        <Verpackungsmaße>
            <Breite>0</Breite>
            <Höhe>0</Höhe>
            <Tiefe>0</Tiefe>
        </Verpackungsmaße>
        <Preis>14.99</Preis>
        <Lagerbestand>50</Lagerbestand>
    </Artikel>


</Information>