<?xml version="1.0" encoding="UTF-8"?>

<Information>

<!-- Eingabe vom Händler -->
    
        <Suchwort>1984</Suchwort>
        <Kategorie>Prosa</Kategorie>



<!-- Informationen zum Server  -->

    <Hinweise>

        <Hinweis>
            <Antwort-Zeit Einheit="ms">200</Antwort-Zeit>
            <Server-Antwort>false</Server-Antwort>
        </Hinweis>

        <Hinweis>
            <Antwort-Zeit Einheit="ms">200</Antwort-Zeit>
            <Server-Antwort>true</Server-Antwort>
            <Anzahl-Treffer Einheit="Artikel">2</Anzahl-Treffer>
        </Hinweis>

    </Hinweise>
    

<!-- Informationen zum Errgebniss / Server-Antwort -->
<!-- Artikel Variante 1 -->

    <Artikel>
        <Artikelnummer>1</Artikelnummer>
        <Artikelbilder>
            <Bild>
                <Pfad>1984_klein.jpg</Pfad>
                <Groesse>klein</Groesse>
            </Bild>
            <Bild>
                <Pfad>1984_mittelgroß.jpg</Pfad>
                <Groesse>mittelgroß</Groesse>
            </Bild>
            <Bild>
                <Pfad>1984_groß.jpg</Pfad>
                <Groesse>groß</Groesse>
            </Bild>
        </Artikelbilder>
        <Autoren>George Orwell</Autoren>
        <Verlag>Penguin Books</Verlag>
        <Ausgabe>Taschenbuch</Ausgabe>
        <Erscheinungsjahr>1949</Erscheinungsjahr>
        <Gewicht>200</Gewicht>
        <Verpackungsmaße>
            <Breite>15</Breite>
            <Höhe>20</Höhe>
            <Tiefe>3</Tiefe>
        </Verpackungsmaße>
        <Preis>18.99</Preis>
        <Lagerbestand>19</Lagerbestand>
    </Artikel>



<!-- Artikel Variante 2 -->
    <Artikel>
        <Artikelnummer>2</Artikelnummer>
        <Artikelbilder>
            <Bild>
                <Pfad>1984_2_klein.jpg</Pfad>
                <Groesse>klein</Groesse>
            </Bild>
            <Bild>
                <Pfad>1984_2_mittelgroß.jpg</Pfad>
                <Groesse>mittelgroß</Groesse>
            </Bild>
            <Bild>
                <Pfad>1984_2_groß.jpg</Pfad>
                <Groesse>groß</Groesse>
            </Bild>
        </Artikelbilder>
        <Autoren>George Orwell</Autoren>
        <Verlag>Penguin Books</Verlag>
        <Ausgabe>Taschenbuch</Ausgabe>
        <Erscheinungsjahr>2005</Erscheinungsjahr>
        <Gewicht>220</Gewicht>
        <Verpackungsmaße>
            <Breite>18</Breite>
            <Höhe>25</Höhe>
            <Tiefe>3</Tiefe>
        </Verpackungsmaße>
        <Preis>24.99</Preis>
        <Lagerbestand>11</Lagerbestand>
    </Artikel>



    <!-- Artikel Variante eBook -->
    <Artikel>
        <Artikelnummer>e3</Artikelnummer>
        <Artikelbilder>
            <Bild>
                <Pfad>1984_3_klein.jpg</Pfad>
                <Groesse>klein</Groesse>
            </Bild>
            <Bild>
                <Pfad>1984_3_mittelgroß.jpg</Pfad>
                <Groesse>mittelgroß</Groesse>
            </Bild>
            <Bild>
                <Pfad>1984_3_groß.jpg</Pfad>
                <Groesse>groß</Groesse>
            </Bild>
        </Artikelbilder>
        <Autoren>George Orwell</Autoren>
        <Verlag>Penguin Books</Verlag>
        <Ausgabe>eBook</Ausgabe>
        <Erscheinungsjahr>2025</Erscheinungsjahr>
        <Gewicht>0</Gewicht>
        <Verpackungsmaße>
            <Breite>0</Breite>
            <Höhe>0</Höhe>
            <Tiefe>0</Tiefe>
        </Verpackungsmaße>
        <Preis>20.99</Preis>
        <Lagerbestand>11</Lagerbestand>
    </Artikel>


</Information>